area,name,sequence,age_from_months,age_to_months,description
practicalLife,Rangoli with coloured rice,,36,72,Making a simple pattern by pinching rice onto a tray.
practicalLife,Making a flower garland,,42,72,Threading flowers onto a string.
practicalLife,Washing a steel tumbler,,30,60,Washing and drying a tumbler at the sink.
practicalLife,Grinding spices with a mortar and pestle,,42,72,Grinding whole spices for the snack table.
sensorial,Spice smelling jars,,36,66,Matching pairs of spice scents.
sensorial,Sorting bangles by size,,30,54,Grading bangles from largest to smallest.
language,Home language story time,,24,72,Listening to and retelling a story in the home language.
language,Home language sandpaper letters: vowels,,36,66,Tracing and sounding the vowels.
language,Home language moveable alphabet,,48,72,Building short words in the home language.
math,Counting with seeds and shells,,30,54,Counting small natural objects one by one.
math,Skip counting by twos with beads,,54,72,Counting in twos on a bead string.
math,Hundred board,,48,72,Placing tiles to build the numbers 1 to 100.
culture,Festival calendar of the year,,42,72,Placing festival cards on a year calendar.
culture,Puzzle map of the home state,,48,72,Placing and naming the districts of a state.
culture,Local birds and trees,,36,72,Matching pictures to the birds and trees seen on the campus.
sensorial,Pink tower,,30,60,Ten cubes built in order of size.
