title,start_date,end_date,type,programs
"Republic Day (sample — verify with school)",26-01-2027,26-01-2027,holiday,
"Independence Day (sample — verify with school)",15-08-2026,15-08-2026,holiday,
"Gandhi Jayanti (sample — verify with school)",02-10-2026,02-10-2026,holiday,
"Kannada Rajyotsava (sample — verify with school)",01-11-2026,01-11-2026,holiday,
"Christmas (sample — verify with school)",25-12-2026,25-12-2026,holiday,
"Autumn term break (sample — verify with school)",19-10-2026,23-10-2026,holiday,
"Winter break, staff training & annual day prep (sample — verify with school)",28-12-2026,01-01-2027,holiday,
"Summer break (sample — verify with school)",05-04-2027,31-05-2027,holiday,
"Primary only: Montessori material audit (sample — verify with school)",13-11-2026,13-11-2026,holiday,Primary A|Primary B
